<?xml version="1.0"?>
<?xml-stylesheet type="text/xsl" href="configuration.xsl"?>

<!-- Put site-specific property overrides in this file. -->

<configuration>

<property>
  <name>http.agent.name</name>
  <value>JunZhouNutch</value>
</property>

<property>
  <name>http.content.limit</name>
  <value>-1</value>
  <description>The length limit for downloaded content using the http://
  protocol, in bytes. If this value is nonnegative (>=0), content longer
  than it will be truncated; otherwise, no truncation at all. Do not
  confuse this setting with the file.content.limit setting.
  </description>
</property>

<property>
  <name>db.ignore.external.links</name>
  <value>true</value>
  <description>If true, outlinks leading from a page to external hosts
  will be ignored. This is an effective way to limit the crawl to include
  only initially injected hosts, without creating complex URLFilters.
  </description>
</property>

<property>
  <name>db.fetch.retry.max</name>
  <value>10</value>
  <description>The maximum number of times a url that has encountered
  recoverable errors is generated for fetch.</description>
</property>

<property>
  <name>fetcher.server.delay</name>
  <value>1.0</value>
  <description>The number of seconds the fetcher will delay between 
   successive requests to the same server.</description>
</property>


<property>
  <name>fetcher.threads.fetch</name>
  <value>2</value>
  <description>The number of FetcherThreads the fetcher should use.
  This is also determines the maximum number of requests that are
  made at once (each FetcherThread handles one connection). The total
  number of threads running in distributed mode will be the number of
  fetcher threads * number of nodes as fetcher has one map task per node.
  </description>
</property>


<property>
  <name>fetcher.threads.per.queue</name>
  <value>2</value>
  <description>This number is the maximum number of threads that
    should be allowed to access a queue at one time. Replaces 
    deprecated parameter 'fetcher.threads.per.host'.
   </description>
</property>


<property>
  <name>fetcher.queue.depth.multiplier</name>
  <value>200</value>
  <description>(EXPERT)The fetcher buffers the incoming URLs into queues based on the [host|domain|IP]
  (see param fetcher.queue.mode). The depth of the queue is the number of threads times the value of this parameter.
  A large value requires more memory but can improve the performance of the fetch when the order of the URLS in the fetch list
  is not optimal.
  </description>
</property>


</configuration>
